{
  "scores": [
    0.8934502941175397,
    0.8934502941175397,
    0.8934502941175397,
    0.8934502941175397,
    0.8934502941175397
  ],
  "variance": 0.0,
  "mean": 0.8934502941175397,
  "is_consistent": 