{
  "image_name": "evaluated_image",
  "prompt": "family kitchen breakfast crowd",
  "metrics": {
    "visual_quality": {
      "quality_score": 0.979230588235294,
      "quality_scores": {
        "original_score": 1.0,
        "statistical_score": 0.9855764705882353,
        "threshold_score": 1.0,
        "comprehensive_score": 0.95,
        "combined_score": 0.979230588235294,
        "confidence": 1.0
      },
      "metrics": {
        "laplacian_variance": 1059.66806079664,
        "gradient_magnitude": 67.41643949317732,
        "edge_density": 0.1255025863647461,
        "multi_scale_sharpness_mean": 393.4693376228094,
        "multi_scale_sharpness_std": 471.6659910169514,
        "sharpness_uniformity": 1697.5610203492456,
        "is_blurry_enhanced": false,
        "mean_brightness": 85.5387191772461,
        "dynamic_range": 255.0,
        "effective_dynamic_range": 247.0,
        "core_dynamic_range": 213.0,
        "bright_pixel_ratio": 0.10330549875895181,
        "dark_pixel_ratio": 0.48314952850341797,
        "mid_tone_ratio": 0.4135449727376302,
        "exposure_balance": 0.6201559702555338,
        "is_overexposed": false,
        "is_underexposed": false,
        "mad_noise": 1.0,
        "mad_noise_multi_scale_mean": 1.5,
        "mad_noise_multi_scale_std": 0.5,
        "noise_entropy": 2.662713310339584,
        "noise_variation": 5.433558940887451,
        "is_noisy_enhanced": false,
        "rms_contrast": 63.91880214322028,
        "local_contrast_mean": 11.130571365356445,
        "local_contrast_std": 15.760334014892578,
        "edge_contrast": 23.736571156932598,
        "has_low_contrast": false,
        "r_mean": 70.57204914093018,
        "g_mean": 82.48946762084961,
        "b_mean": 103.5546407699585,
        "r_deviation": 14.966670036315918,
        "g_deviation": 3.0492515563964844,
        "b_deviation": 18.015921592712402,
        "rg_hist_distance": 0.24155807495117188,
        "rb_hist_distance": 0.5404090881347656,
        "gb_hist_distance": 0.3525524139404297,
        "hue_coherence": 30.1912360429112,
        "saturation_coherence": 63.90325281108612,
        "has_color_artifacts": false,
        "texture_energy": 88.09036312399036,
        "texture_anisotropy": 1.3351219438335349,
        "texture_uniformity": 21.640237615122896,
        "edge_texture": 84.4784200782211,
        "very_low_freq_ratio": 0.4078374091363794,
        "low_freq_ratio": 0.22962835511437132,
        "high_freq_ratio": 0.31327089456686136,
        "frequency_centroid": 0.856170144248094,
        "original_blur_score": 1059.66806079664,
        "original_is_blurry": false,
        "original_mean_brightness": 85.5387191772461,
        "original_is_overexposed": false,
        "original_is_underexposed": false,
        "original_noise_estimate": 8.919035911560059,
        "original_is_noisy": false,
        "original_overall_quality": 1.0
      },
      "has_artifacts": false,
      "issues": [],
      "classification_confidence": 1.0
    },
    "prompt_faithfulness": {
      "score": 0.25
    },
    "complexity": {
      "person_count": {
        "count": 10,
        "is_compliant": false,
        "compliance_level": "Poor",
        "detection_breakdown": {
          "face_detection": 18,
          "clip_analysis": 4,
          "shape_detection": 0,
          "skin_detection": 1
        },
        "score": 0.2,
        "detection_method": "smart_consensus",
        "details": "Smart consensus: 10 people - Too many for autism storyboards"
      },
      "background_simplicity": {
        "score": 0.23208383188010043,
        "complexity_breakdown": {
          "edge_simplicity": 0.0,
          "texture_simplicity": 0.8763685822486877,
          "color_simplicity": 0.06495843158964243,
          "object_simplicity": 0.0,
          "frequency_simplicity": 0.0,
          "edge_density": 0.13831138610839844,
          "object_count": 14
        },
        "grade": "Poor - Busy/distracting background",
        "is_simple": false,
        "edge_density": 0.13831138610839844,
        "object_count": 14,
        "details": "Improved analysis: 0.232 - Poor - Busy/distracting background"
      },
      "color_appropriateness": {
        "score": 0.7180988341381164,
        "dominant_colors": 10,
        "color_count_score": 0.8,
        "avg_saturation": 0.42172215779622396,
        "saturation_score": 0.6575832366943359,
        "avg_brightness": 0.4156712326348997,
        "brightness_score": 0.6041193156490783,
        "is_appropriate": true,
        "grade": "Good - Suitable cartoon colors",
        "details": "Optimized for cartoon style: 10 colors, Good - Suitable cartoon colors"
      },
      "character_clarity": {
        "score": 0.6629438716730004,
        "edge_clarity": 0.7577896118164062,
        "contrast_clarity": 0.7931345822726744,
        "shape_clarity": 0.2128709701868408,
        "edge_strength": 0.09472370147705078,
        "contrast": 0.26437819409089147,
        "is_clear": true,
        "grade": "Good - Clear character boundaries",
        "details": "Higher score = clearer character boundaries and definition"
      },
      "sensory_friendliness": {
        "score": 0.7327708942744375,
        "pattern_score": 0.5056799421579825,
        "intensity_score": 0.9724203944206238,
        "high_freq_ratio": 0.16477335261400583,
        "intensity_variance": 0.002757960231974721,
        "intensity_variation": 0.002757960231974721,
        "is_sensory_friendly": true,
        "grade": "Good - Sensory-appropriate",
        "details": "Higher score = less overwhelming, more sensory-appropriate"
      },
      "focus_clarity": {
        "score": 0.5827131534767362,
        "focus_ratio": 1.1940376377439696,
        "contrast_ratio": 1.1225093107677266,
        "center_edge_density": 27.12654485586197,
        "peripheral_edge_density": 22.718332156662647,
        "has_clear_focus": true,
        "grade": "Good - Reasonably focused",
        "details": "Higher score = clearer focal point, less distraction"
      },
      "autism_suitability": 0.15606037533178105,
      "complexity_category": "High Complexity (Not Recommended for Autism Use)",
      "autism_grade": "F (Unsuitable for autism storyboards)",
      "recommendations": [
        "\ud83d\udea8 Critical: Too many people (10) - reduce to 1-3 characters",
        "\ud83d\udea8 Poor: Background busy - reduce visual clutter",
        "\ud83c\udf08 Reduce colors: 10 colors may overwhelm - target 4-6 main colors",
        "\ud83d\udcca Classification: High Complexity (Not Recommended for Autism Use)",
        "\ud83d\udea8 Major changes needed for autism education use"
      ]
    },
    "consistency": {
      "character_consistency": 0.6961930176532849,
      "style_consistency": 0.7558829046879256,
      "combined_consistency": 0.714099983763677,
      "is_consistent": false,
      "frame_count": 2
    }
  },
  "scores": {
    "visual_quality": 0.979230588235294,
    "prompt_faithfulness": 0.25,
    "person_count": 0.2,
    "background_simplicity": 0.23208383188010043,
    "color_appropriateness": 0.7180988341381164,
    "character_clarity": 0.6629438716730004,
    "sensory_friendliness": 0.7327708942744375,
    "focus_clarity": 0.5827131534767362,
    "character_consistency": 0.6961930176532849,
    "style_consistency": 0.7558829046879256
  },
  "category_scores": {
    "simplicity": 0.3808055274615553,
    "accuracy": 0.5416922352941176,
    "consistency": 0.714099983763677
  },
  "combined_score": 0.428345771784969,
  "autism_grade": "F (Not suitable for autism education)",
  "recommendations": [
    "\u26a0\ufe0f Significant improvements needed for autism suitability",
    "\ud83d\udc65 CRITICAL: Reduce to 1-2 people (currently 10)",
    "\ud83c\udfa8 Simplify background: remove distracting elements",
    "\ud83c\udf08 Reduce color palette to 4-6 main colors",
    "\ud83c\udfaf Improve prompt accuracy: ensure image matches description"
  ]
}