{
  "image_name": "evaluated_image",
  "prompt": "children family morning bedroom",
  "metrics": {
    "visual_quality": {
      "quality_score": 0.9734611764705882,
      "quality_scores": {
        "original_score": 1.0,
        "statistical_score": 0.9711529411764706,
        "threshold_score": 1.0,
        "comprehensive_score": 0.95,
        "combined_score": 0.9734611764705882,
        "confidence": 1.0
      },
      "metrics": {
        "laplacian_variance": 663.4084033835097,
        "gradient_magnitude": 58.664405187917026,
        "edge_density": 0.14550113677978516,
        "multi_scale_sharpness_mean": 244.77684334842525,
        "multi_scale_sharpness_std": 296.2931323208681,
        "sharpness_uniformity": 900.7431462670665,
        "is_blurry_enhanced": false,
        "mean_brightness": 97.76100063323975,
        "dynamic_range": 255.0,
        "effective_dynamic_range": 246.0,
        "core_dynamic_range": 210.0,
        "bright_pixel_ratio": 0.10517628987630209,
        "dark_pixel_ratio": 0.3598639170328776,
        "mid_tone_ratio": 0.5349597930908203,
        "exposure_balance": 0.7453123728434244,
        "is_overexposed": false,
        "is_underexposed": false,
        "mad_noise": 2.0,
        "mad_noise_multi_scale_mean": 2.0,
        "mad_noise_multi_scale_std": 0.7071067811865476,
        "noise_entropy": 2.8176586594647635,
        "noise_variation": 3.5110554695129395,
        "is_noisy_enhanced": false,
        "rms_contrast": 60.38358750703608,
        "local_contrast_mean": 9.324352264404297,
        "local_contrast_std": 11.243453979492188,
        "edge_contrast": 9.632095701214169,
        "has_low_contrast": false,
        "r_mean": 78.11301803588867,
        "g_mean": 94.0138292312622,
        "b_mean": 121.15615463256836,
        "r_deviation": 19.647982597351074,
        "g_deviation": 3.747171401977539,
        "b_deviation": 23.395153999328613,
        "rg_hist_distance": 0.2522869110107422,
        "rb_hist_distance": 0.6055812835693359,
        "gb_hist_distance": 0.3976917266845703,
        "hue_coherence": 25.058163212053806,
        "saturation_coherence": 60.187205935440986,
        "has_color_artifacts": false,
        "texture_energy": 67.61908789044577,
        "texture_anisotropy": 1.3828882530308562,
        "texture_uniformity": 15.724473585483874,
        "edge_texture": 89.9143726125683,
        "very_low_freq_ratio": 0.42185284927285027,
        "low_freq_ratio": 0.21740857952521273,
        "high_freq_ratio": 0.3075758157050122,
        "frequency_centroid": 0.8325602109352371,
        "original_blur_score": 663.4084033835097,
        "original_is_blurry": false,
        "original_mean_brightness": 97.76100063323975,
        "original_is_overexposed": false,
        "original_is_underexposed": false,
        "original_noise_estimate": 6.818672180175781,
        "original_is_noisy": false,
        "original_overall_quality": 1.0
      },
      "has_artifacts": false,
      "issues": [],
      "classification_confidence": 1.0
    },
    "prompt_faithfulness": {
      "score": 0.5
    },
    "complexity": {
      "person_count": {
        "count": 10,
        "is_compliant": false,
        "compliance_level": "Poor",
        "detection_breakdown": {
          "face_detection": 16,
          "clip_analysis": 5,
          "shape_detection": 0,
          "skin_detection": 1
        },
        "score": 0.2,
        "detection_method": "smart_consensus",
        "details": "Smart consensus: 10 people - Too many for autism storyboards"
      },
      "background_simplicity": {
        "score": 0.26751657376876214,
        "complexity_breakdown": {
          "edge_simplicity": 0.0,
          "texture_simplicity": 0.9302935600280762,
          "color_simplicity": 0.06757306166585852,
          "object_simplicity": 0.1428571428571429,
          "frequency_simplicity": 0.0,
          "edge_density": 0.1702127456665039,
          "object_count": 12
        },
        "grade": "Poor - Busy/distracting background",
        "is_simple": false,
        "edge_density": 0.1702127456665039,
        "object_count": 12,
        "details": "Improved analysis: 0.268 - Poor - Busy/distracting background"
      },
      "color_appropriateness": {
        "score": 0.7348378012276976,
        "dominant_colors": 10,
        "color_count_score": 0.8,
        "avg_saturation": 0.43300726273480583,
        "saturation_score": 0.6745108941022087,
        "avg_brightness": 0.48183760549507887,
        "brightness_score": 0.6624226649851749,
        "is_appropriate": true,
        "grade": "Good - Suitable cartoon colors",
        "details": "Optimized for cartoon style: 10 colors, Good - Suitable cartoon colors"
      },
      "character_clarity": {
        "score": 0.5675440291754208,
        "edge_clarity": 0.7098922729492188,
        "contrast_clarity": 0.6901694727990239,
        "shape_clarity": 0.03759665438061824,
        "edge_strength": 0.08873653411865234,
        "contrast": 0.23005649093300795,
        "is_clear": false,
        "grade": "Moderate - Somewhat unclear boundaries",
        "details": "Higher score = clearer character boundaries and definition"
      },
      "sensory_friendliness": {
        "score": 0.7351064663868736,
        "pattern_score": 0.5016706150373647,
        "intensity_score": 0.9843894839286804,
        "high_freq_ratio": 0.16610979498754513,
        "intensity_variance": 0.0015610514674335718,
        "intensity_variation": 0.0015610514674335718,
        "is_sensory_friendly": true,
        "grade": "Good - Sensory-appropriate",
        "details": "Higher score = less overwhelming, more sensory-appropriate"
      },
      "focus_clarity": {
        "score": 0.6461970328719953,
        "focus_ratio": 1.3376911384583017,
        "contrast_ratio": 1.224448456672524,
        "center_edge_density": 27.268880594951003,
        "peripheral_edge_density": 20.385033938916152,
        "has_clear_focus": true,
        "grade": "Good - Reasonably focused",
        "details": "Higher score = clearer focal point, less distraction"
      },
      "autism_suitability": 0.16378833610160537,
      "complexity_category": "High Complexity (Not Recommended for Autism Use)",
      "autism_grade": "F (Unsuitable for autism storyboards)",
      "recommendations": [
        "\ud83d\udea8 Critical: Too many people (10) - reduce to 1-3 characters",
        "\u26a0\ufe0f Moderate: Background could be simpler for better autism suitability",
        "\ud83c\udf08 Reduce colors: 10 colors may overwhelm - target 4-6 main colors",
        "\u270f\ufe0f Improve character definition with clearer outlines",
        "\ud83d\udcca Classification: High Complexity (Not Recommended for Autism Use)",
        "\ud83d\udea8 Major changes needed for autism education use"
      ]
    }
  },
  "scores": {
    "visual_quality": 0.9734611764705882,
    "prompt_faithfulness": 0.5,
    "person_count": 0.2,
    "background_simplicity": 0.26751657376876214,
    "color_appropriateness": 0.7348378012276976,
    "character_clarity": 0.5675440291754208,
    "sensory_friendliness": 0.7351064663868736,
    "focus_clarity": 0.6461970328719953
  },
  "category_scores": {
    "simplicity": 0.38470258017712833,
    "accuracy": 0.6893844705882353,
    "consistency": null
  },
  "combined_score": 0.42427241903491003,
  "autism_grade": "F (Not suitable for autism education)",
  "recommendations": [
    "\u26a0\ufe0f Significant improvements needed for autism suitability",
    "\ud83d\udc65 CRITICAL: Reduce to 1-2 people (currently 10)",
    "\ud83c\udfa8 Simplify background: remove distracting elements",
    "\ud83c\udf08 Reduce color palette to 4-6 main colors",
    "\u270f\ufe0f Improve character definition: clearer outlines",
    "\ud83c\udfaf Improve prompt accuracy: ensure image matches description"
  ]
}