{
  "image_name": "evaluated_image",
  "prompt": "boy waking up bed",
  "metrics": {
    "visual_quality": {
      "quality_score": 0.9106668235294118,
      "quality_scores": {
        "original_score": 1.0,
        "statistical_score": 0.9441670588235294,
        "threshold_score": 0.8,
        "comprehensive_score": 0.91,
        "combined_score": 0.9106668235294118,
        "confidence": 0.75
      },
      "metrics": {
        "laplacian_variance": 314.3590040190088,
        "gradient_magnitude": 18.82182631063304,
        "edge_density": 0.03631782531738281,
        "multi_scale_sharpness_mean": 119.37359841219966,
        "multi_scale_sharpness_std": 138.27450247818288,
        "sharpness_uniformity": 1015.8629209653026,
        "is_blurry_enhanced": false,
        "mean_brightness": 203.3900957107544,
        "dynamic_range": 255.0,
        "effective_dynamic_range": 218.0,
        "core_dynamic_range": 139.0,
        "bright_pixel_ratio": 0.7335214614868164,
        "dark_pixel_ratio": 0.02706146240234375,
        "mid_tone_ratio": 0.23941707611083987,
        "exposure_balance": 0.29354000091552734,
        "is_overexposed": false,
        "is_underexposed": false,
        "mad_noise": 0.0,
        "mad_noise_multi_scale_mean": 0.0,
        "mad_noise_multi_scale_std": 0.0,
        "noise_entropy": 1.062704166946572,
        "noise_variation": 4.738766670227051,
        "is_noisy_enhanced": false,
        "rms_contrast": 43.3089032657281,
        "local_contrast_mean": 3.5862808227539062,
        "local_contrast_std": 10.6178560256958,
        "edge_contrast": -28.127875843910118,
        "has_low_contrast": false,
        "r_mean": 219.2049798965454,
        "g_mean": 201.16326522827148,
        "b_mean": 189.8020420074463,
        "r_deviation": 15.814884185791016,
        "g_deviation": 2.22683048248291,
        "b_deviation": 13.588053703308105,
        "rg_hist_distance": 0.7351760864257812,
        "rb_hist_distance": 1.0060386657714844,
        "gb_hist_distance": 0.5759773254394531,
        "hue_coherence": 25.435898456125685,
        "saturation_coherence": 34.8339247251582,
        "has_color_artifacts": false,
        "texture_energy": 51.05419426451144,
        "texture_anisotropy": 0.8259349572215484,
        "texture_uniformity": 15.324273052439095,
        "edge_texture": 47.705341716897536,
        "very_low_freq_ratio": 0.3843162919185366,
        "low_freq_ratio": 0.2693015670311672,
        "high_freq_ratio": 0.31940701999674437,
        "frequency_centroid": 0.9081156070246559,
        "original_blur_score": 314.3590040190088,
        "original_is_blurry": false,
        "original_mean_brightness": 203.3900957107544,
        "original_is_overexposed": false,
        "original_is_underexposed": false,
        "original_noise_estimate": 5.442396640777588,
        "original_is_noisy": false,
        "original_overall_quality": 1.0
      },
      "has_artifacts": false,
      "issues": [],
      "classification_confidence": 0.75
    },
    "prompt_faithfulness": {
      "score": 0.6666666666666666
    },
    "complexity": {
      "person_count": {
        "count": 1,
        "is_compliant": true,
        "compliance_level": "Excellent",
        "detection_breakdown": {
          "face_detection": 0,
          "clip_analysis": 1,
          "shape_detection": 1,
          "skin_detection": 1
        },
        "score": 1.0,
        "detection_method": "smart_consensus",
        "details": "Smart consensus: 1 people - Perfect for autism storyboards"
      },
      "background_simplicity": {
        "score": 0.5361224906087805,
        "complexity_breakdown": {
          "edge_simplicity": 0.4748878479003906,
          "texture_simplicity": 0.9541422128677368,
          "color_simplicity": 0.07917434368007381,
          "object_simplicity": 0.9285714285714286,
          "frequency_simplicity": 0.0,
          "edge_density": 0.03750801086425781,
          "object_count": 1
        },
        "grade": "Acceptable - Manageable background complexity",
        "is_simple": false,
        "edge_density": 0.03750801086425781,
        "object_count": 1,
        "details": "Improved analysis: 0.536 - Acceptable - Manageable background complexity"
      },
      "color_appropriateness": {
        "score": 0.5997502712709366,
        "dominant_colors": 8,
        "color_count_score": 0.7,
        "avg_saturation": 0.15821786768296187,
        "saturation_score": 0.26232680152444277,
        "avg_brightness": 0.8623721403234145,
        "brightness_score": 0.8552611540680192,
        "is_appropriate": false,
        "grade": "Moderate - Acceptable for cartoons",
        "details": "Optimized for cartoon style: 8 colors, Moderate - Acceptable for cartoons"
      },
      "character_clarity": {
        "score": 0.21221807847539798,
        "edge_clarity": 0.2664947509765625,
        "contrast_clarity": 0.22143325071332987,
        "shape_clarity": 0.08523438899720509,
        "edge_strength": 0.03331184387207031,
        "contrast": 0.07381108357110995,
        "is_clear": false,
        "grade": "Poor - Unclear or blurry characters",
        "details": "Higher score = clearer character boundaries and definition"
      },
      "sensory_friendliness": {
        "score": 0.8171316419187649,
        "pattern_score": 0.647757712490873,
        "intensity_score": 0.9886747598648071,
        "high_freq_ratio": 0.11741409583637567,
        "intensity_variance": 0.0011325245723128319,
        "intensity_variation": 0.0011325245723128319,
        "is_sensory_friendly": true,
        "grade": "Excellent - Very sensory-friendly",
        "details": "Higher score = less overwhelming, more sensory-appropriate"
      },
      "focus_clarity": {
        "score": 0.7254277541506481,
        "focus_ratio": 1.344417999922946,
        "contrast_ratio": 1.6105117708688215,
        "center_edge_density": 10.267988669574024,
        "peripheral_edge_density": 7.637496169899929,
        "has_clear_focus": true,
        "grade": "Excellent - Clear single focus",
        "details": "Higher score = clearer focal point, less distraction"
      },
      "autism_suitability": 0.7231418713302576,
      "complexity_category": "Low Complexity (Autism-Friendly)",
      "autism_grade": "B+ (Good for autism storyboards)",
      "recommendations": [
        "\u2705 Perfect: Single character ideal for autism storyboards",
        "\ud83d\udc4d Good: Background mostly appropriate",
        "\ud83c\udf08 Reduce colors: 8 colors may overwhelm - target 4-6 main colors",
        "\u270f\ufe0f Improve character definition with clearer outlines",
        "\ud83d\udcca Classification: Low Complexity (Autism-Friendly)",
        "\u2705 Excellent for autism storyboards"
      ]
    }
  },
  "scores": {
    "visual_quality": 0.9106668235294118,
    "prompt_faithfulness": 0.6666666666666666,
    "person_count": 1.0,
    "background_simplicity": 0.5361224906087805,
    "color_appropriateness": 0.5997502712709366,
    "character_clarity": 0.21221807847539798,
    "sensory_friendliness": 0.8171316419187649,
    "focus_clarity": 0.7254277541506481
  },
  "category_scores": {
    "simplicity": 0.7241770187492084,
    "accuracy": 0.7642667294117647,
    "consistency": null
  },
  "combined_score": 0.7433399004459103,
  "autism_grade": "C+ (Acceptable with improvements)",
  "recommendations": [
    "\u2705 Good foundation - apply recommendations for excellence"
  ]
}