{
  "image_name": "evaluated_image",
  "prompt": "cartoon boy eating breakfast at kitchen table, some kitchen items visible, cartoon style, one character, moderate detail",
  "metrics": {
    "visual_quality": {
      "quality_score": 0.985,
      "quality_scores": {
        "original_score": 1.0,
        "statistical_score": 1.0,
        "threshold_score": 1.0,
        "comprehensive_score": 0.95,
        "combined_score": 0.985,
        "confidence": 0.875
      },
      "metrics": {
        "laplacian_variance": 488.7799354697329,
        "gradient_magnitude": 40.61077947449859,
        "edge_density": 0.06770133972167969,
        "multi_scale_sharpness_mean": 196.9772579818413,
        "multi_scale_sharpness_std": 207.3741038331124,
        "sharpness_uniformity": 1112.833232665889,
        "is_blurry_enhanced": false,
        "mean_brightness": 153.66654109954834,
        "dynamic_range": 255.0,
        "effective_dynamic_range": 252.0,
        "core_dynamic_range": 227.0,
        "bright_pixel_ratio": 0.3840967814127604,
        "dark_pixel_ratio": 0.12349764506022134,
        "mid_tone_ratio": 0.4924055735270183,
        "exposure_balance": 0.7394008636474609,
        "is_overexposed": false,
        "is_underexposed": false,
        "mad_noise": 0.0,
        "mad_noise_multi_scale_mean": 0.0,
        "mad_noise_multi_scale_std": 0.0,
        "noise_entropy": 1.8845368660711612,
        "noise_variation": 5.242834568023682,
        "is_noisy_enhanced": false,
        "rms_contrast": 65.65204901370902,
        "local_contrast_mean": 7.8013176918029785,
        "local_contrast_std": 15.265283584594727,
        "edge_contrast": -23.706157538118987,
        "has_low_contrast": false,
        "r_mean": 140.2509002685547,
        "g_mean": 156.29344272613525,
        "b_mean": 164.45528030395508,
        "r_deviation": 13.415640830993652,
        "g_deviation": 2.626901626586914,
        "b_deviation": 10.788739204406738,
        "rg_hist_distance": 0.5389308929443359,
        "rb_hist_distance": 0.7897071838378906,
        "gb_hist_distance": 0.8002738952636719,
        "hue_coherence": 40.27822902891659,
        "saturation_coherence": 76.62421792421293,
        "has_color_artifacts": false,
        "texture_energy": 78.63120557716262,
        "texture_anisotropy": 5.83161216449696,
        "texture_uniformity": 22.13790477553469,
        "edge_texture": 64.06433787693469,
        "very_low_freq_ratio": 0.44379916778461764,
        "low_freq_ratio": 0.2815698582706015,
        "high_freq_ratio": 0.25150441069646506,
        "frequency_centroid": 0.7845786796635317,
        "original_blur_score": 488.7799354697329,
        "original_is_blurry": false,
        "original_mean_brightness": 153.66654109954834,
        "original_is_overexposed": false,
        "original_is_underexposed": false,
        "original_noise_estimate": 7.0277180671691895,
        "original_is_noisy": false,
        "original_overall_quality": 1.0
      },
      "has_artifacts": false,
      "issues": [],
      "classification_confidence": 0.875
    },
    "prompt_faithfulness": {
      "score": 0.3076923076923077
    },
    "complexity": {
      "person_count": {
        "count": 1,
        "score": 1.0,
        "is_compliant": true,
        "compliance_level": "Excellent",
        "detection_breakdown": {
          "face_detection": 1,
          "clip_analysis": 1,
          "shape_detection": 0,
          "skin_detection": 1
        },
        "detection_method": "smart_consensus"
      },
      "background_simplicity": {
        "score": 0.29168955894573245,
        "edge_density": 0.07049846649169922,
        "object_count": 11,
        "is_simple": false
      },
      "color_appropriateness": {
        "score": 0.7825632300307033,
        "dominant_colors": 9,
        "avg_saturation": 0.35715833551743453,
        "avg_brightness": 0.7164059919469496,
        "is_appropriate": true
      },
      "character_clarity": {
        "score": 0.41514843050456113,
        "edge_strength": 0.05632972717285156,
        "contrast": 0.15925795872352388,
        "is_clear": false
      },
      "sensory_friendliness": {
        "score": 0.8554266992111408,
        "high_freq_ratio": 0.0875250915869784,
        "intensity_variation": 0.002078091260045767,
        "is_sensory_friendly": true
      },
      "focus_clarity": {
        "score": 0.653550095017646,
        "focus_ratio": 1.3482869449271442,
        "has_clear_focus": true
      },
      "autism_suitability": 0.761308089086804,
      "autism_grade": "B+ (Good for autism storyboards)",
      "recommendations": [
        "\u2705 Perfect: Single character ideal for autism storyboards",
        "\ud83d\udea8 Critical: Background too busy - significantly reduce visual clutter",
        "\ud83c\udf08 Reduce colors: 9 colors may overwhelm - target 4-6 main colors",
        "\u270f\ufe0f Improve character definition with clearer outlines",
        "\u2705 Excellent for autism storyboards"
      ]
    }
  },
  "scores": {
    "visual_quality": 0.985,
    "prompt_faithfulness": 0.3076923076923077,
    "person_count": 1.0,
    "background_simplicity": 0.29168955894573245,
    "color_appropriateness": 0.7825632300307033,
    "character_clarity": 0.41514843050456113,
    "sensory_friendliness": 0.8554266992111408,
    "focus_clarity": 0.653550095017646
  },
  "category_scores": {
    "simplicity": 0.711308089086804,
    "accuracy": 0.5786153846153846,
    "consistency": null
  },
  "combined_score": 0.6478809763494655,
  "autism_grade": "D+ (Significant issues)",
  "recommendations": [
    "\u26a0\ufe0f Significant improvements needed for autism suitability",
    "\ud83c\udfaf Improve prompt accuracy: ensure image matches description"
  ]
}