{
  "image_name": "evaluated_image",
  "prompt": "cartoon boy eating breakfast at kitchen table, some kitchen items visible, cartoon style, one character, moderate detail",
  "metrics": {
    "visual_quality": {
      "quality_score": 1.0,
      "metrics": {
        "laplacian_variance": 488.7799354697329,
        "gradient_magnitude": 40.61077947449859,
        "edge_density": 0.06770133972167969,
        "multi_scale_sharpness_mean": 196.9772579818413,
        "is_blurry": false,
        "mean_brightness": 153.66654109954834,
        "core_dynamic_range": 227.0,
        "bright_pixel_ratio": 0.3840967814127604,
        "dark_pixel_ratio": 0.12349764506022134,
        "is_overexposed": false,
        "is_underexposed": false,
        "mad_noise": 0.0,
        "gaussian_noise": 7.0277180671691895,
        "noise_variation": 5.242834568023682,
        "is_noisy": false,
        "rms_contrast": 65.65204901370902,
        "local_contrast_mean": 7.8013176918029785,
        "has_low_contrast": false,
        "has_compression_artifacts": false,
        "has_banding": false,
        "has_color_artifacts": false
      },
      "has_artifacts": false,
      "issues": []
    },
    "prompt_faithfulness": {
      "score": 0.49935221354166665
    },
    "complexity": {
      "person_count": {
        "count": 1,
        "score": 1.0,
        "is_compliant": true,
        "detection_method": "face_detection"
      },
      "background_simplicity": {
        "score": 0.2932566249496652,
        "edge_density": 0.06770133972167969,
        "object_count": 32,
        "is_simple": false
      },
      "color_appropriateness": {
        "score": 0.5477326045316809,
        "dominant_colors": 8,
        "avg_saturation": 0.35715833551743453,
        "avg_brightness": 0.7164059919469496,
        "is_appropriate": false
      },
      "character_clarity": {
        "score": 0.6397943181354275,
        "edge_strength": 0.05632972717285156,
        "contrast": 0.2574590157400354,
        "is_clear": true
      },
      "sensory_friendliness": {
        "score": 0.5340161999323861,
        "high_freq_ratio": 0.19498784278562323,
        "intensity_variation": 0.4887799354697329,
        "is_sensory_friendly": false
      },
      "focus_clarity": {
        "score": 0.4005646822658238,
        "focus_ratio": 1.2016940467974715,
        "has_clear_focus": false
      },
      "autism_suitability": 0.6530333284204409,
      "recommendations": [
        "\ud83c\udfa8 Simplify background - remove distracting elements",
        "\ud83c\udf08 Reduce color palette to 4-6 colors",
        "\u26a1 Reduce visual complexity to avoid sensory overload"
      ]
    }
  },
  "scores": {
    "visual_quality": 1.0,
    "prompt_faithfulness": 0.49935221354166665,
    "person_count": 1.0,
    "background_simplicity": 0.2932566249496652,
    "color_appropriateness": 0.5477326045316809,
    "character_clarity": 0.6397943181354275,
    "sensory_friendliness": 0.5340161999323861
  },
  "combined_score": 0.6871968763500524,
  "autism_grade": "C (Needs improvements)",
  "recommendations": [
    "\u26a0\ufe0f Significant improvements needed for autism suitability",
    "\ud83c\udfaf Improve prompt accuracy: ensure image matches description",
    "\ud83c\udfa8 Simplify background: remove distracting elements",
    "\ud83c\udf08 Reduce color palette to 4-6 main colors"
  ]
}